omeka_000318.xml,090074001.tif
omeka_000319.xml,090074002.tif
omeka_000320.xml,090074003.tif
omeka_000321.xml,090074004.tif
omeka_000322.xml,090074005.tif
omeka_000323.xml,090074006.tif
omeka_000324.xml,090074007.tif
omeka_000325.xml,090074008.tif
omeka_000326.xml,090074009.tif
omeka_000327.xml,090074010.tif
omeka_000328.xml,090074012.tif
omeka_000329.xml,090074013.tif
omeka_000330.xml,090074014.tif
omeka_000331.xml,090074015.tif
omeka_000332.xml,090074016.tif
omeka_000333.xml,090074017.tif
omeka_000334.xml,090074018.tif
omeka_000335.xml,090074019.tif
omeka_000336.xml,090074021.tif
omeka_000337.xml,090074022.tif
omeka_000338.xml,090074023.tif
omeka_000339.xml,090074024.tif
omeka_000340.xml,090074025.tif
omeka_000341.xml,090074026.tif
omeka_000342.xml,090074027.tif
omeka_000343.xml,090074028.tif
omeka_000344.xml,090074029.tif
omeka_000345.xml,090074030.tif
omeka_000346.xml,090074031.tif 090074032.tif
omeka_000347.xml,090074033.tif 090074034.tif 090074035.tif
omeka_000348.xml,090074036.tif 090074037.tif
omeka_000349.xml,090074038.tif
omeka_000350.xml,090074039.tif
omeka_000351.xml,090074040.tif
omeka_000352.xml,090074041.tif
omeka_000362.xml,090074042.tif
omeka_000363.xml,090074043.tif
omeka_000364.xml,090074044.tif
omeka_000365.xml,090074045.tif
omeka_000366.xml,090074046.tif
omeka_000367.xml,090074047.tif
omeka_000368.xml,090074048.tif
omeka_000369.xml,090074049.tif
omeka_000370.xml,090074050.tif 090074051.tif
omeka_000371.xml,090074052.tif 090074053.tif
omeka_000372.xml,090074054.tif
omeka_000373.xml,090074055.tif
omeka_000374.xml,090074056.tif 090074057.tif 090074058.tif
omeka_000375.xml,090074059.tif
omeka_000376.xml,090074060.tif 090074061.tif 090074062.tif 090074063.tif 090074064.tif
omeka_000377.xml,090074065.tif 090074066.tif
omeka_000378.xml,090074067.tif 090074068.tif 090074069.tif
omeka_000379.xml,090074070.tif
omeka_000380.xml,090074071.tif
omeka_000381.xml,090074072.tif
omeka_000382.xml,090074073.tif
omeka_000383.xml,090074074.tif 090074075.tif
omeka_000384.xml,090074076.tif
omeka_000385.xml,090074077.tif 090074078.tif 090074079.tif 090074080.tif 090074081.tif 090074082.tif
omeka_000386.xml,090074083.tif
omeka_000387.xml,090074084.tif 090074085.tif 090074086.tif 090074087.tif 090074088.tif
omeka_000388.xml,090074089.tif
omeka_000389.xml,090074090.tif 090074091.tif
omeka_000390.xml,090074092.tif 090074093.tif 090074094.tif 090074095.tif 090074096.tif 090074097.tif 090074098.tif 090074099.tif
omeka_000391.xml,090074100.tif 090074101.tif 090074102.tif 090074103.tif 090074104.tif 090074105.tif 090074106.tif
omeka_000392.xml,090074107.tif 090074108.tif 090074109.tif
omeka_000393.xml,090074110.tif 090074111.tif 090074112.tif 090074113.tif
omeka_000394.xml,090074114.tif
omeka_000395.xml,090074115.tif 090074116.tif 090074117.tif
omeka_000396.xml,090074118.tif
omeka_000397.xml,090074119.tif 090074120.tif 090074121.tif 090074122.tif
omeka_000398.xml,090074123.tif 090074124.tif 090074125.tif
omeka_000399.xml,090074126.tif
omeka_000400.xml,090074127.tif 090074128.tif 090074129.tif 090074130.tif 090074131.tif
omeka_000401.xml,090074132.tif
omeka_000402.xml,090074133.tif 090074134.tif 090074135.tif
omeka_000403.xml,090074136.tif 090074137.tif 090074138.tif 090074139.tif
omeka_000404.xml,090074140.tif 090074141.tif 090074142.tif 090074143.tif
omeka_000405.xml,090074144.tif
omeka_000406.xml,090074145.tif
omeka_000407.xml,090074146.tif
omeka_000408.xml,090074147.tif
omeka_000409.xml,090074148.tif 090074149.tif 090074150.tif 090074151.tif
omeka_000410.xml,090074152.tif 090074153.tif 090074154.tif 090074155.tif
omeka_000411.xml,090074156.tif 090074157.tif
omeka_000412.xml,090074158.tif 090074159.tif 090074160.tif 090074161.tif 090074162.tif
omeka_000413.xml,090074163.tif 090074164.tif 090074165.tif
omeka_000414.xml,090074166.tif
omeka_000415.xml,090074167.tif 090074168.tif
omeka_000416.xml,090074169.tif
omeka_000417.xml,090074170.tif
omeka_000418.xml,090074171.tif 090074172.tif 090074173.tif 090074174.tif 090074175.tif 090074176.tif 090074177.tif 090074178.tif 090074179.tif 090074180.tif
omeka_000419.xml,090074181.tif
omeka_000420.xml,090074182.tif 090074183.tif
omeka_000421.xml,090074184.tif
omeka_000422.xml,090074185.tif 090074186.tif
omeka_000423.xml,090074187.tif
omeka_000424.xml,090074188.tif 090074189.tif 090074190.tif 090074191.tif
omeka_000425.xml,090074192.tif
omeka_000426.xml,090074193.tif 090074194.tif
omeka_000427.xml,090074195.tif 090074196.tif 090074197.tif
omeka_000428.xml,090074198.tif
omeka_000429.xml,090074199.tif 090074200.tif 090074201.tif
omeka_000430.xml,090074202.tif
omeka_000431.xml,090074203.tif
omeka_000432.xml,090074204.tif
omeka_000433.xml,090074205.tif
omeka_000434.xml,090074206.tif
omeka_000435.xml,090074207.tif
omeka_000436.xml,090074208.tif 090074209.tif
omeka_000437.xml,090074210.tif
omeka_000438.xml,090074211.tif
omeka_000439.xml,090074212.tif
omeka_000440.xml,090074213.tif 090074214.tif
omeka_000441.xml,090074215.tif
omeka_000442.xml,090074216.tif 090074217.tif
omeka_000443.xml,090074218.tif 090074219.tif 090074220.tif
omeka_000444.xml,090074221.tif
omeka_000445.xml,090074222.tif 090074223.tif
omeka_000446.xml,090074224.tif
omeka_000447.xml,090074225.tif
omeka_001305.xml,Triangle1.jpg
omeka_001306.xml,Triangle2.jpg
omeka_001307.xml,Triangle3.jpg
omeka_001308.xml,Triangle4.jpg
omeka_001309.xml,Triangle5.jpg
omeka_001310.xml,Triangle6.jpg